{"cameraMode":{"drawMode":2,"name":"Shaded Wireframe","section":"Shading Mode"},"sceneLighting":false,"audioPlay":false,"sceneViewState":{"m_AlwaysRefresh":false,"showFog":true,"showSkybox":false,"showFlares":true,"showImageEffects":true,"showParticleSystems":true,"showVisualEffectGraphs":true,"m_FxEnabled":true},"in2DMode":false,"pivot":{"x":0.06999999284744263,"y":0.1809999942779541,"z":5.510000228881836},"rotation":{"x":-0.39661791920661929,"y":-0.40141114592552187,"z":0.19868645071983338,"w":-0.8013115525245667},"size":0.25980767607688906,"orthographic":false}