{"cameraMode":{"drawMode":2,"name":"Shaded Wireframe","section":"Shading Mode"},"sceneLighting":false,"audioPlay":false,"sceneViewState":{"m_AlwaysRefresh":false,"showFog":true,"showSkybox":false,"showFlares":true,"showImageEffects":true,"showParticleSystems":true,"showVisualEffectGraphs":true,"m_FxEnabled":true},"in2DMode":false,"pivot":{"x":-0.00009033828973770142,"y":0.3390553295612335,"z":-6.920988082885742},"rotation":{"x":-0.32463425397872927,"y":0.26645466685295107,"z":-0.09584938734769821,"w":-0.902458131313324},"size":0.08660268783569336,"orthographic":false}